customerID,gender,SeniorCitizen,tenure,MonthlyCharges,TotalCharges,Churn
CUST00000,Male,0,48,106.17,5096.16,No
CUST00001,Female,0,66,79.03,5215.9800000000005,No
CUST00002,Male,0,70,42.63,2984.1000000000004,No
CUST00003,Male,1,28,58.42,1635.76,No
CUST00004,Male,0,26,65.01,1690.2600000000002,Yes
CUST00005,Female,0,25,77.93,1948.2500000000002,Yes
CUST00006,Male,1,12,95.94,1151.28,No
CUST00007,Male,1,5,29.89,149.45,Yes
CUST00008,Male,1,48,108.97,5230.5599999999995,No
CUST00009,Female,0,37,21.23,785.51,No
CUST00010,Male,0,44,57.01,2508.44,No
CUST00011,Male,0,15,22.74,341.09999999999997,No
CUST00012,Male,1,43,59.3,2549.9,No
CUST00013,Male,1,48,72.58,3483.84,No
CUST00014,Female,0,70,71.17,4981.900000000001,No
CUST00015,Male,0,46,36.56,1681.7600000000002,Yes
CUST00016,Female,0,43,84.57,3636.5099999999998,No
CUST00017,Female,1,21,24.48,514.08,No
CUST00018,Female,1,23,96.19,2212.37,No
CUST00019,Male,0,47,114.66,5389.0199999999995,No
CUST00020,Female,0,15,53.98,809.6999999999999,Yes
CUST00021,Male,0,25,71.72,1793.0,No
CUST00022,Female,1,36,57.89,2084.04,No
CUST00023,Female,1,51,20.67,1054.17,No
CUST00024,Female,1,15,58.59,878.85,No
CUST00025,Female,0,68,99.17,6743.56,No
CUST00026,Female,0,21,79.6,1671.6,No
CUST00027,Female,0,13,30.13,391.69,No
CUST00028,Female,0,19,104.71,1989.4899999999998,No
CUST00029,Female,1,34,73.11,2485.74,No
CUST00030,Male,1,68,104.17,7083.56,Yes
CUST00031,Male,1,52,78.02,4057.04,No
CUST00032,Female,1,27,75.97,2051.19,No
CUST00033,Female,0,29,30.53,885.37,No
CUST00034,Female,0,28,36.74,1028.72,No
CUST00035,Male,1,35,117.2,4102.0,No
CUST00036,Female,1,8,42.85,342.8,No
CUST00037,Male,0,16,117.75,1884.0,No
CUST00038,Male,0,36,73.19,2634.84,No
CUST00039,Male,0,30,33.58,1007.4,Yes
CUST00040,Male,1,18,29.93,538.74,Yes
CUST00041,Male,0,2,40.89,81.78,No
CUST00042,Female,0,49,112.56,5515.4400000000005,Yes
CUST00043,Female,0,4,61.42,245.68,Yes
CUST00044,Female,0,7,59.54,416.78,No
CUST00045,Female,0,39,51.32,2001.48,No
CUST00046,Female,0,13,34.71,451.23,No
CUST00047,Male,0,31,68.79,2132.4900000000002,Yes
CUST00048,Female,0,71,33.0,2343.0,No
CUST00049,Female,0,63,103.55,6523.65,Yes
CUST00050,Male,0,56,57.04,3194.24,No
CUST00051,Female,1,42,57.48,2414.16,No
CUST00052,Male,0,61,67.4,4111.400000000001,No
CUST00053,Female,0,42,64.41,2705.22,No
CUST00054,Male,1,56,119.49,6691.44,Yes
CUST00055,Female,0,36,74.54,2683.44,No
CUST00056,Female,0,68,28.82,1959.76,No
CUST00057,Male,0,7,80.69,564.8299999999999,No
CUST00058,Male,0,54,35.16,1898.6399999999999,Yes
CUST00059,Male,0,1,23.09,23.09,No
CUST00060,Male,0,44,117.07,5151.08,No
CUST00061,Male,0,45,97.35,4380.75,No
CUST00062,Male,0,47,118.01,5546.47,No
CUST00063,Male,0,13,67.79,881.2700000000001,No
CUST00064,Male,0,22,73.23,1611.0600000000002,No
CUST00065,Female,0,21,36.83,773.43,No
CUST00066,Female,0,9,44.69,402.21,No
CUST00067,Male,0,26,103.85,2700.1,No
CUST00068,Female,1,9,55.62,500.58,No
CUST00069,Female,0,15,102.68,1540.2,No
CUST00070,Female,0,10,90.9,909.0,No
CUST00071,Female,0,42,37.72,1584.24,No
CUST00072,Male,0,24,70.74,1697.7599999999998,No
CUST00073,Female,0,49,87.74,4299.259999999999,No
CUST00074,Male,1,26,43.5,1131.0,No
CUST00075,Female,1,37,103.07,3813.5899999999997,No
CUST00076,Female,0,68,74.48,5064.64,No
CUST00077,Female,1,50,36.52,1826.0000000000002,Yes
CUST00078,Male,0,24,78.3,1879.1999999999998,No
CUST00079,Female,0,19,119.97,2279.43,No
CUST00080,Male,0,60,35.05,2103.0,Yes
CUST00081,Female,1,39,101.68,3965.5200000000004,No
CUST00082,Male,0,18,40.73,733.14,No
CUST00083,Female,0,19,98.24,1866.56,Yes
CUST00084,Male,0,36,93.46,3364.56,No
CUST00085,Male,0,55,50.05,2752.75,No
CUST00086,Female,0,69,52.58,3628.02,No
CUST00087,Male,0,47,99.25,4664.75,No
CUST00088,Female,0,49,66.14,3240.86,Yes
CUST00089,Female,0,33,93.08,3071.64,Yes
CUST00090,Female,0,21,34.8,730.8,No
CUST00091,Female,0,22,105.26,2315.7200000000003,No
CUST00092,Female,0,48,91.09,4372.32,No
CUST00093,Female,0,37,110.69,4095.5299999999997,Yes
CUST00094,Female,1,15,33.24,498.6,No
CUST00095,Female,0,35,79.3,2775.5,Yes
CUST00096,Female,0,71,79.91,5673.61,Yes
CUST00097,Female,0,32,55.35,1771.2,No
CUST00098,Female,0,11,65.85,724.3499999999999,No
CUST00099,Male,0,10,23.8,238.0,No
CUST00100,Male,0,57,94.59,5391.63,No
CUST00101,Female,0,25,74.93,1873.2500000000002,No
CUST00102,Female,0,2,25.77,51.54,No
CUST00103,Female,0,64,88.08,5637.12,No
CUST00104,Female,0,35,66.68,2333.8,No
CUST00105,Female,0,7,23.45,164.15,No
CUST00106,Female,0,18,116.96,2105.2799999999997,No
CUST00107,Female,0,67,114.91,7698.969999999999,Yes
CUST00108,Female,0,42,71.29,2994.1800000000003,No
CUST00109,Male,0,39,29.37,1145.43,Yes
CUST00110,Female,0,41,95.46,3913.8599999999997,No
CUST00111,Male,0,24,69.19,1660.56,No
CUST00112,Female,0,60,50.24,3014.4,Yes
CUST00113,Female,0,46,69.14,3180.44,Yes
CUST00114,Male,1,19,72.24,1372.56,No
CUST00115,Female,1,68,76.27,5186.36,No
CUST00116,Male,0,42,64.12,2693.04,Yes
CUST00117,Female,0,32,80.58,2578.56,No
CUST00118,Female,1,39,111.87,4362.93,No
CUST00119,Male,0,36,56.23,2024.28,No
CUST00120,Female,0,36,92.57,3332.5199999999995,No
CUST00121,Male,0,3,109.45,328.35,No
CUST00122,Female,0,8,65.6,524.8,No
CUST00123,Male,0,70,64.35,4504.5,No
CUST00124,Male,0,41,80.21,3288.6099999999997,No
CUST00125,Female,0,68,79.14,5381.52,Yes
CUST00126,Female,0,13,100.66,1308.58,Yes
CUST00127,Male,0,49,67.65,3314.8500000000004,Yes
CUST00128,Female,0,60,119.61,7176.6,No
CUST00129,Female,0,2,25.95,51.9,No
CUST00130,Female,0,60,20.32,1219.2,No
CUST00131,Male,1,5,84.02,420.09999999999997,No
CUST00132,Male,0,44,49.84,2192.96,No
CUST00133,Male,0,27,44.04,1189.08,Yes
CUST00134,Male,0,32,51.19,1638.08,No
CUST00135,Male,0,21,45.6,957.6,No
CUST00136,Male,0,8,23.08,184.64,No
CUST00137,Male,0,50,117.15,5857.5,No
CUST00138,Male,0,67,42.07,2818.69,No
CUST00139,Male,0,44,93.4,4109.6,No
CUST00140,Female,0,58,96.26,5583.08,No
CUST00141,Male,0,3,112.93,338.79,No
CUST00142,Female,0,70,23.05,1613.5,No
CUST00143,Female,0,2,107.2,214.4,Yes
CUST00144,Female,0,44,72.72,3199.68,No
CUST00145,Male,1,2,83.25,166.5,Yes
CUST00146,Male,0,35,84.45,2955.75,No
CUST00147,Male,0,30,101.98,3059.4,Yes
CUST00148,Male,0,8,53.34,426.72,No
CUST00149,Female,0,22,93.31,2052.82,No
CUST00150,Male,0,44,72.86,3205.84,No
CUST00151,Male,0,58,99.34,5761.72,Yes
CUST00152,Male,0,36,119.05,4285.8,Yes
CUST00153,Male,0,69,40.07,2764.83,Yes
CUST00154,Male,0,31,119.46,3703.2599999999998,Yes
CUST00155,Female,0,47,28.98,1362.06,Yes
CUST00156,Male,0,55,20.23,1112.65,No
CUST00157,Female,0,62,24.42,1514.0400000000002,Yes
CUST00158,Male,0,30,54.18,1625.4,Yes
CUST00159,Female,0,55,83.29,4580.950000000001,No
CUST00160,Male,0,16,26.9,430.4,No
CUST00161,Male,1,12,20.57,246.84,No
CUST00162,Female,0,17,113.71,1933.07,No
CUST00163,Female,0,16,102.19,1635.04,No
CUST00164,Female,0,12,100.92,1211.04,Yes
CUST00165,Male,0,8,108.44,867.52,No
CUST00166,Female,0,3,90.0,270.0,No
CUST00167,Male,0,16,30.44,487.04,Yes
CUST00168,Male,0,30,59.91,1797.3,No
CUST00169,Female,0,23,92.31,2123.13,No
CUST00170,Female,0,5,48.03,240.15,Yes
CUST00171,Male,1,65,88.74,5768.099999999999,No
CUST00172,Male,0,30,22.45,673.5,No
CUST00173,Female,0,21,50.61,1062.81,No
CUST00174,Female,0,70,74.91,5243.7,Yes
CUST00175,Female,1,22,83.21,1830.62,No
CUST00176,Male,0,32,77.7,2486.4,No
CUST00177,Male,0,33,89.78,2962.7400000000002,No
CUST00178,Male,1,16,20.61,329.76,No
CUST00179,Male,1,38,30.09,1143.42,Yes
CUST00180,Male,1,14,106.89,1496.46,Yes
CUST00181,Male,0,36,88.17,3174.12,No
CUST00182,Female,0,23,31.29,719.67,No
CUST00183,Male,0,66,104.21,6877.86,No
CUST00184,Male,1,2,44.22,88.44,No
CUST00185,Male,0,65,67.83,4408.95,No
CUST00186,Female,0,67,34.52,2312.84,No
CUST00187,Male,0,52,91.01,4732.52,No
CUST00188,Male,0,62,86.69,5374.78,Yes
CUST00189,Female,0,23,41.11,945.53,No
CUST00190,Male,0,26,106.34,2764.84,No
CUST00191,Male,0,68,60.13,4088.84,No
CUST00192,Male,0,55,49.25,2708.75,No
CUST00193,Male,0,6,35.23,211.38,Yes
CUST00194,Male,0,35,46.62,1631.6999999999998,Yes
CUST00195,Female,0,22,22.2,488.4,Yes
CUST00196,Female,0,43,78.33,3368.19,No
CUST00197,Female,0,15,104.22,1563.3,No
CUST00198,Male,0,60,74.9,4494.0,No
CUST00199,Male,0,12,41.93,503.15999999999997,Yes
CUST00200,Male,0,49,23.37,1145.13,No
CUST00201,Female,0,42,41.46,1741.32,No
CUST00202,Male,0,38,61.61,2341.18,No
CUST00203,Male,0,45,95.96,4318.2,No
CUST00204,Female,0,35,38.78,1357.3,No
CUST00205,Male,1,30,91.98,2759.4,No
CUST00206,Female,0,30,106.69,3200.7,Yes
CUST00207,Female,1,6,65.39,392.34000000000003,No
CUST00208,Female,0,67,102.14,6843.38,Yes
CUST00209,Male,0,7,75.47,528.29,No
CUST00210,Male,0,52,83.71,4352.92,No
CUST00211,Male,0,14,72.63,1016.8199999999999,No
CUST00212,Male,0,15,66.32,994.8,No
CUST00213,Male,0,21,43.47,912.87,No
CUST00214,Male,0,35,50.32,1761.2,No
CUST00215,Male,1,66,49.0,3234.0,No
CUST00216,Female,1,2,76.33,152.66,No
CUST00217,Male,1,35,32.0,1120.0,No
CUST00218,Female,0,20,111.68,2233.6000000000004,No
CUST00219,Male,0,10,92.07,920.6999999999999,No
CUST00220,Male,1,25,60.14,1503.5,No
CUST00221,Male,0,66,35.86,2366.7599999999998,No
CUST00222,Female,0,25,108.2,2705.0,No
CUST00223,Female,0,54,102.38,5528.5199999999995,No
CUST00224,Female,0,33,92.17,3041.61,Yes
CUST00225,Female,1,36,47.15,1697.3999999999999,No
CUST00226,Male,0,14,60.24,843.36,Yes
CUST00227,Female,0,65,30.27,1967.55,No
CUST00228,Male,0,54,38.9,2100.6,No
CUST00229,Male,0,52,98.3,5111.599999999999,No
CUST00230,Female,0,3,91.5,274.5,No
CUST00231,Female,1,41,79.35,3253.35,No
CUST00232,Female,0,6,109.57,657.42,No
CUST00233,Female,0,25,78.33,1958.25,No
CUST00234,Female,0,13,66.7,867.1,No
CUST00235,Female,1,8,54.04,432.32,No
CUST00236,Female,0,21,114.04,2394.84,Yes
CUST00237,Female,1,68,28.27,1922.36,No
CUST00238,Male,0,25,113.09,2827.25,No
CUST00239,Female,0,68,102.67,6981.56,No
CUST00240,Female,0,45,32.99,1484.5500000000002,No
CUST00241,Male,0,60,76.5,4590.0,No
CUST00242,Female,0,12,106.65,1279.8000000000002,No
CUST00243,Male,0,32,77.18,2469.76,No
CUST00244,Male,0,13,110.72,1439.36,Yes
CUST00245,Female,1,31,114.3,3543.2999999999997,Yes
CUST00246,Male,0,20,62.24,1244.8,No
CUST00247,Male,0,18,57.73,1039.1399999999999,No
CUST00248,Male,1,60,113.63,6817.799999999999,No
CUST00249,Male,0,63,87.51,5513.13,No
CUST00250,Female,0,6,31.6,189.60000000000002,No
CUST00251,Male,1,32,24.23,775.36,No
CUST00252,Female,0,43,76.46,3287.7799999999997,Yes
CUST00253,Male,0,2,113.02,226.04,No
CUST00254,Male,0,60,104.42,6265.2,Yes
CUST00255,Male,0,23,87.58,2014.34,Yes
CUST00256,Male,0,31,33.91,1051.2099999999998,No
CUST00257,Female,0,5,45.42,227.10000000000002,Yes
CUST00258,Female,1,34,107.55,3656.7,No
CUST00259,Male,0,10,38.28,382.8,Yes
CUST00260,Male,0,2,47.84,95.68,No
CUST00261,Female,0,11,32.96,362.56,No
CUST00262,Male,0,50,87.61,4380.5,No
CUST00263,Male,0,31,114.4,3546.4,No
CUST00264,Male,0,56,46.9,2626.4,No
CUST00265,Female,0,9,67.54,607.86,No
CUST00266,Female,0,21,83.43,1752.0300000000002,Yes
CUST00267,Female,1,28,119.95,3358.6,No
CUST00268,Male,0,62,30.48,1889.76,No
CUST00269,Male,1,7,69.86,489.02,No
CUST00270,Female,0,16,58.51,936.16,No
CUST00271,Female,1,4,106.58,426.32,No
CUST00272,Female,0,4,67.6,270.4,No
CUST00273,Female,0,40,31.1,1244.0,No
CUST00274,Male,0,17,83.44,1418.48,No
CUST00275,Female,0,52,97.08,5048.16,No
CUST00276,Male,0,52,20.29,1055.08,No
CUST00277,Female,0,36,105.9,3812.4,No
CUST00278,Male,0,38,38.6,1466.8,No
CUST00279,Female,0,50,75.21,3760.4999999999995,Yes
CUST00280,Female,0,63,61.58,3879.54,No
CUST00281,Female,0,63,91.97,5794.11,Yes
CUST00282,Female,0,62,57.12,3541.44,No
CUST00283,Male,0,7,106.98,748.86,No
CUST00284,Female,0,27,93.05,2512.35,No
CUST00285,Male,1,14,84.77,1186.78,Yes
CUST00286,Male,0,71,99.62,7073.02,No
CUST00287,Male,0,5,95.4,477.0,No
CUST00288,Male,0,55,23.59,1297.45,No
CUST00289,Female,1,2,59.47,118.94,No
CUST00290,Male,0,62,113.08,7010.96,No
CUST00291,Male,0,21,32.57,683.97,No
CUST00292,Male,0,21,93.71,1967.9099999999999,No
CUST00293,Female,0,10,117.46,1174.6,Yes
CUST00294,Female,0,58,25.22,1462.76,No
CUST00295,Female,1,39,88.22,3440.58,No
CUST00296,Female,1,5,66.82,334.09999999999997,No
CUST00297,Male,0,65,77.92,5064.8,No
CUST00298,Male,0,13,28.53,370.89,Yes
CUST00299,Female,1,53,24.3,1287.9,No
CUST00300,Male,0,45,86.69,3901.0499999999997,No
CUST00301,Male,0,32,102.33,3274.56,No
CUST00302,Male,0,36,98.2,3535.2000000000003,Yes
CUST00303,Female,0,60,74.38,4462.799999999999,Yes
CUST00304,Female,0,11,29.99,329.89,No
CUST00305,Male,0,63,88.8,5594.4,No
CUST00306,Female,1,21,44.19,927.99,Yes
CUST00307,Female,1,52,111.11,5777.72,No
CUST00308,Female,0,55,103.83,5710.65,No
CUST00309,Female,0,26,90.94,2364.44,No
CUST00310,Female,1,68,114.88,7811.84,No
CUST00311,Male,1,34,23.14,786.76,No
CUST00312,Female,0,52,93.62,4868.24,No
CUST00313,Male,1,52,53.02,2757.04,No
CUST00314,Male,1,29,110.61,3207.69,No
CUST00315,Female,0,38,46.67,1773.46,Yes
CUST00316,Male,0,42,92.49,3884.58,No
CUST00317,Male,0,21,107.76,2262.96,No
CUST00318,Male,0,42,24.17,1015.1400000000001,No
CUST00319,Female,0,13,59.76,776.88,No
CUST00320,Female,1,64,96.23,6158.72,No
CUST00321,Male,0,17,65.49,1113.33,Yes
CUST00322,Female,0,9,46.73,420.57,No
CUST00323,Female,0,41,41.98,1721.1799999999998,No
CUST00324,Female,0,1,33.15,33.15,No
CUST00325,Female,1,2,105.71,211.42,Yes
CUST00326,Male,0,60,77.54,4652.400000000001,No
CUST00327,Male,0,48,27.64,1326.72,No
CUST00328,Female,0,29,58.26,1689.54,No
CUST00329,Female,0,10,56.77,567.7,No
CUST00330,Male,0,58,38.17,2213.86,No
CUST00331,Male,0,60,63.55,3813.0,No
CUST00332,Female,0,21,53.21,1117.41,No
CUST00333,Male,0,28,54.18,1517.04,No
CUST00334,Female,0,34,93.9,3192.6000000000004,No
CUST00335,Female,0,8,42.33,338.64,No
CUST00336,Male,1,59,84.19,4967.21,No
CUST00337,Male,0,49,77.06,3775.94,No
CUST00338,Female,0,17,76.81,1305.77,No
CUST00339,Female,0,60,86.3,5178.0,No
CUST00340,Male,0,45,74.84,3367.8,Yes
CUST00341,Female,0,69,107.93,7447.17,No
CUST00342,Male,0,32,87.56,2801.92,No
CUST00343,Female,1,44,74.7,3286.8,Yes
CUST00344,Male,0,65,102.98,6693.7,No
CUST00345,Male,0,8,80.61,644.88,No
CUST00346,Male,0,43,49.11,2111.73,No
CUST00347,Female,1,1,40.71,40.71,No
CUST00348,Female,0,51,35.23,1796.7299999999998,No
CUST00349,Male,0,24,109.95,2638.8,Yes
CUST00350,Female,0,24,91.01,2184.2400000000002,Yes
CUST00351,Male,0,17,113.74,1933.58,Yes
CUST00352,Male,0,5,80.33,401.65,No
CUST00353,Female,1,20,67.34,1346.8000000000002,No
CUST00354,Female,0,21,25.97,545.37,No
CUST00355,Male,0,58,87.16,5055.28,No
CUST00356,Female,0,31,78.22,2424.82,No
CUST00357,Female,0,11,119.02,1309.22,Yes
CUST00358,Male,0,52,43.92,2283.84,Yes
CUST00359,Male,0,15,73.07,1096.05,Yes
CUST00360,Female,0,7,85.1,595.6999999999999,No
CUST00361,Male,0,28,84.46,2364.8799999999997,No
CUST00362,Male,0,51,76.13,3882.6299999999997,No
CUST00363,Female,0,58,97.69,5666.0199999999995,Yes
CUST00364,Male,0,5,40.5,202.5,No
CUST00365,Male,0,5,92.56,462.8,Yes
CUST00366,Female,0,8,81.97,655.76,No
CUST00367,Female,0,64,109.61,7015.04,No
CUST00368,Male,1,10,104.72,1047.2,No
CUST00369,Male,1,38,51.51,1957.3799999999999,No
CUST00370,Female,0,8,47.62,380.96,Yes
CUST00371,Female,0,25,118.17,2954.25,No
CUST00372,Female,0,66,72.73,4800.18,No
CUST00373,Female,0,50,110.64,5532.0,No
CUST00374,Male,0,67,36.39,2438.13,No
CUST00375,Female,0,49,84.28,4129.72,No
CUST00376,Female,0,36,100.99,3635.64,No
CUST00377,Male,0,68,114.74,7802.32,Yes
CUST00378,Female,0,41,53.73,2202.93,No
CUST00379,Male,0,62,92.5,5735.0,No
CUST00380,Female,0,10,73.88,738.8,No
CUST00381,Female,0,21,26.06,547.26,No
CUST00382,Female,0,36,89.0,3204.0,No
CUST00383,Male,0,12,89.01,1068.1200000000001,No
CUST00384,Male,0,2,113.06,226.12,Yes
CUST00385,Female,0,13,69.73,906.49,No
CUST00386,Male,0,53,43.03,2280.59,Yes
CUST00387,Male,0,32,24.46,782.72,No
CUST00388,Male,0,16,61.56,984.96,No
CUST00389,Male,0,32,50.19,1606.08,Yes
CUST00390,Male,0,32,96.11,3075.52,No
CUST00391,Male,1,11,55.43,609.73,No
CUST00392,Female,1,10,114.91,1149.1,No
CUST00393,Female,0,15,116.23,1743.45,No
CUST00394,Male,0,17,82.09,1395.53,No
CUST00395,Female,0,40,112.87,4514.8,Yes
CUST00396,Female,0,18,96.09,1729.6200000000001,Yes
CUST00397,Female,1,55,74.69,4107.95,Yes
CUST00398,Female,0,25,38.03,950.75,No
CUST00399,Male,0,59,65.86,3885.74,Yes
CUST00400,Female,0,22,76.09,1673.98,No
CUST00401,Female,0,30,106.4,3192.0,No
CUST00402,Male,0,44,68.13,2997.72,No
CUST00403,Male,0,32,109.77,3512.64,No
CUST00404,Female,0,51,87.43,4458.93,No
CUST00405,Female,1,46,33.7,1550.2,No
CUST00406,Female,1,21,119.5,2509.5,Yes
CUST00407,Female,0,32,72.72,2327.04,Yes
CUST00408,Female,0,39,59.19,2308.41,No
CUST00409,Female,0,12,85.91,1030.92,Yes
CUST00410,Male,0,47,30.89,1451.83,Yes
CUST00411,Female,0,18,83.65,1505.7,No
CUST00412,Female,0,21,69.82,1466.2199999999998,Yes
CUST00413,Male,0,13,60.67,788.71,No
CUST00414,Male,0,21,115.3,2421.2999999999997,Yes
CUST00415,Male,0,8,72.25,578.0,No
CUST00416,Male,0,46,41.91,1927.86,No
CUST00417,Female,1,7,65.9,461.30000000000007,No
CUST00418,Female,0,23,111.94,2574.62,No
CUST00419,Female,0,22,37.61,827.42,No
CUST00420,Female,1,22,41.4,910.8,Yes
CUST00421,Female,0,29,21.3,617.7,No
CUST00422,Female,1,13,21.42,278.46000000000004,No
CUST00423,Male,0,2,102.94,205.88,No
CUST00424,Female,0,29,93.21,2703.0899999999997,No
CUST00425,Male,0,52,55.5,2886.0,Yes
CUST00426,Male,0,27,89.83,2425.41,No
CUST00427,Female,0,50,59.52,2976.0,No
CUST00428,Male,0,23,115.29,2651.67,Yes
CUST00429,Female,0,44,116.71,5135.24,No
CUST00430,Male,0,22,59.28,1304.16,Yes
CUST00431,Female,1,43,105.42,4533.06,Yes
CUST00432,Male,1,37,97.31,3600.4700000000003,Yes
CUST00433,Female,0,61,51.0,3111.0,Yes
CUST00434,Female,0,56,43.2,2419.2000000000003,No
CUST00435,Female,0,3,65.82,197.45999999999998,Yes
CUST00436,Female,0,63,98.13,6182.19,No
CUST00437,Female,1,19,116.02,2204.38,No
CUST00438,Male,0,23,96.36,2216.28,Yes
CUST00439,Male,0,29,105.52,3060.08,No
CUST00440,Male,0,30,80.31,2409.3,No
CUST00441,Female,0,39,103.54,4038.0600000000004,No
CUST00442,Male,0,25,98.44,2461.0,Yes
CUST00443,Female,1,8,57.7,461.6,No
CUST00444,Female,0,58,75.2,4361.6,No
CUST00445,Male,0,16,100.48,1607.68,Yes
CUST00446,Male,0,1,24.61,24.61,Yes
CUST00447,Female,1,5,100.81,504.05,No
CUST00448,Male,1,3,37.79,113.37,Yes
CUST00449,Female,0,65,71.47,4645.55,No
CUST00450,Female,0,4,100.83,403.32,No
CUST00451,Female,0,64,45.38,2904.32,No
CUST00452,Female,0,10,44.58,445.79999999999995,No
CUST00453,Female,1,21,60.28,1265.88,Yes
CUST00454,Male,0,46,109.46,5035.16,Yes
CUST00455,Male,0,27,20.04,541.0799999999999,No
CUST00456,Female,0,66,110.14,7269.24,No
CUST00457,Female,0,41,35.38,1450.5800000000002,No
CUST00458,Male,0,13,119.01,1547.13,No
CUST00459,Male,0,9,115.48,1039.32,Yes
CUST00460,Female,0,36,69.47,2500.92,Yes
CUST00461,Male,0,58,71.27,4133.66,No
CUST00462,Female,0,54,68.15,3680.1000000000004,Yes
CUST00463,Male,0,12,83.54,1002.48,No
CUST00464,Female,0,14,29.07,406.98,No
CUST00465,Male,0,34,23.26,790.84,No
CUST00466,Female,0,53,25.77,1365.81,No
CUST00467,Male,0,20,64.44,1288.8,Yes
CUST00468,Male,0,16,47.55,760.8,No
CUST00469,Female,0,70,82.2,5754.0,No
CUST00470,Male,0,56,119.24,6677.44,No
CUST00471,Female,1,58,58.63,3400.54,No
CUST00472,Male,0,4,77.38,309.52,No
CUST00473,Female,0,4,61.56,246.24,Yes
CUST00474,Male,0,20,104.73,2094.6,Yes
CUST00475,Female,0,10,110.22,1102.2,No
CUST00476,Male,0,24,107.74,2585.7599999999998,No
CUST00477,Female,0,26,117.44,3053.44,Yes
CUST00478,Male,0,37,22.75,841.75,No
CUST00479,Female,0,54,103.98,5614.92,No
CUST00480,Female,0,21,95.18,1998.7800000000002,Yes
CUST00481,Female,0,38,42.87,1629.06,No
CUST00482,Male,0,46,115.63,5318.98,No
CUST00483,Female,0,4,34.82,139.28,Yes
CUST00484,Male,0,60,87.95,5277.0,No
CUST00485,Female,0,57,42.49,2421.9300000000003,No
CUST00486,Male,0,45,63.14,2841.3,No
CUST00487,Female,0,20,91.92,1838.4,No
CUST00488,Male,0,17,76.33,1297.61,No
CUST00489,Male,1,71,62.75,4455.25,No
CUST00490,Female,0,4,52.63,210.52,No
CUST00491,Male,0,14,103.97,1455.58,No
CUST00492,Male,0,3,34.38,103.14000000000001,No
CUST00493,Female,0,58,63.01,3654.58,Yes
CUST00494,Male,0,55,110.38,6070.9,No
CUST00495,Male,0,4,104.58,418.32,No
CUST00496,Male,1,24,60.09,1442.16,Yes
CUST00497,Female,0,34,96.31,3274.54,No
CUST00498,Male,1,30,102.32,3069.6,Yes
CUST00499,Female,0,19,108.89,2068.91,Yes
CUST00500,Male,0,31,74.45,2307.9500000000003,No
CUST00501,Male,0,60,40.45,2427.0,No
CUST00502,Male,1,60,45.53,2731.8,Yes
CUST00503,Female,0,19,49.57,941.83,No
CUST00504,Male,1,49,79.38,3889.62,No
CUST00505,Male,0,63,23.28,1466.64,Yes
CUST00506,Female,0,22,83.6,1839.1999999999998,No
CUST00507,Male,1,24,56.44,1354.56,No
CUST00508,Female,0,30,49.52,1485.6000000000001,Yes
CUST00509,Female,0,58,107.95,6261.1,No
CUST00510,Male,0,31,66.0,2046.0,No
CUST00511,Female,1,64,29.51,1888.64,No
CUST00512,Male,1,19,102.67,1950.73,No
CUST00513,Female,0,48,24.76,1188.48,Yes
CUST00514,Female,0,45,92.67,4170.15,No
CUST00515,Male,1,55,97.39,5356.45,Yes
CUST00516,Female,0,55,55.26,3039.2999999999997,No
CUST00517,Female,0,18,102.48,1844.64,No
CUST00518,Female,1,63,71.57,4508.91,No
CUST00519,Female,0,47,66.33,3117.5099999999998,No
CUST00520,Female,0,57,24.54,1398.78,No
CUST00521,Male,0,45,49.0,2205.0,Yes
CUST00522,Female,1,33,113.1,3732.2999999999997,No
CUST00523,Male,1,17,59.18,1006.06,Yes
CUST00524,Female,1,70,74.67,5226.900000000001,Yes
CUST00525,Male,0,4,73.2,292.8,No
CUST00526,Male,1,20,79.04,1580.8000000000002,No
CUST00527,Female,1,47,26.13,1228.11,No
CUST00528,Female,0,15,56.22,843.3,Yes
CUST00529,Female,1,70,92.31,6461.7,No
CUST00530,Male,0,47,40.06,1882.8200000000002,No
CUST00531,Female,0,9,40.36,363.24,No
CUST00532,Male,0,16,21.01,336.16,Yes
CUST00533,Male,0,69,63.75,4398.75,No
CUST00534,Male,0,61,108.27,6604.469999999999,No
CUST00535,Female,0,10,25.19,251.9,No
CUST00536,Female,0,50,39.11,1955.5,No
CUST00537,Male,0,3,51.01,153.03,No
CUST00538,Male,0,70,93.17,6521.900000000001,No
CUST00539,Female,0,51,84.06,4287.06,Yes
CUST00540,Male,0,19,61.59,1170.21,Yes
CUST00541,Female,0,42,95.91,4028.22,No
CUST00542,Male,0,35,80.96,2833.6,No
CUST00543,Female,0,46,109.6,5041.599999999999,No
CUST00544,Male,1,26,101.8,2646.7999999999997,Yes
CUST00545,Female,0,69,45.28,3124.32,No
CUST00546,Male,0,64,47.14,3016.96,No
CUST00547,Female,0,37,32.54,1203.98,No
CUST00548,Female,1,49,53.7,2631.3,No
CUST00549,Male,0,21,119.95,2518.9500000000003,No
CUST00550,Male,1,64,60.58,3877.12,Yes
CUST00551,Female,0,5,42.05,210.25,No
CUST00552,Male,1,70,96.25,6737.5,No
CUST00553,Female,0,4,74.25,297.0,No
CUST00554,Male,1,39,34.96,1363.44,Yes
CUST00555,Female,0,35,58.07,2032.45,Yes
CUST00556,Female,0,1,61.45,61.45,No
CUST00557,Female,0,24,95.38,2289.12,No
CUST00558,Female,0,57,22.07,1257.99,No
CUST00559,Female,0,70,46.9,3283.0,No
CUST00560,Female,1,41,71.76,2942.1600000000003,No
CUST00561,Male,1,54,46.88,2531.52,Yes
CUST00562,Male,0,46,82.84,3810.6400000000003,No
CUST00563,Male,0,60,68.19,4091.3999999999996,No
CUST00564,Female,0,60,56.17,3370.2000000000003,No
CUST00565,Female,0,57,114.92,6550.4400000000005,No
CUST00566,Female,0,31,83.22,2579.82,No
CUST00567,Female,0,24,32.99,791.76,No
CUST00568,Male,0,36,76.01,2736.36,No
CUST00569,Male,0,30,98.07,2942.1,Yes
CUST00570,Female,0,24,90.85,2180.3999999999996,Yes
CUST00571,Male,0,30,37.21,1116.3,No
CUST00572,Male,0,7,117.24,820.68,Yes
CUST00573,Female,0,35,64.88,2270.7999999999997,Yes
CUST00574,Male,1,55,35.9,1974.5,No
CUST00575,Female,0,14,38.02,532.2800000000001,No
CUST00576,Male,0,10,29.82,298.2,No
CUST00577,Female,0,16,100.35,1605.6,Yes
CUST00578,Female,0,54,32.2,1738.8000000000002,No
CUST00579,Female,1,70,32.51,2275.7,No
CUST00580,Female,0,44,105.05,4622.2,Yes
CUST00581,Male,0,45,54.46,2450.7,No
CUST00582,Female,0,56,23.09,1293.04,Yes
CUST00583,Female,1,57,25.19,1435.8300000000002,No
CUST00584,Female,1,21,34.22,718.62,Yes
CUST00585,Male,0,68,41.34,2811.1200000000003,No
CUST00586,Female,0,50,86.51,4325.5,No
CUST00587,Male,0,33,35.73,1179.09,No
CUST00588,Female,1,7,31.89,223.23000000000002,No
CUST00589,Male,0,70,96.47,6752.9,No
CUST00590,Male,1,15,87.11,1306.65,Yes
CUST00591,Female,0,32,63.53,2032.96,No
CUST00592,Male,0,20,74.93,1498.6000000000001,No
CUST00593,Female,0,15,51.2,768.0,No
CUST00594,Female,0,48,68.25,3276.0,Yes
CUST00595,Female,0,71,70.67,5017.57,Yes
CUST00596,Male,0,21,58.72,1233.12,No
CUST00597,Male,0,42,110.66,4647.72,No
CUST00598,Female,0,26,21.61,561.86,No
CUST00599,Female,0,14,98.22,1375.08,Yes
CUST00600,Male,0,57,32.44,1849.08,No
CUST00601,Female,1,37,99.75,3690.75,Yes
CUST00602,Female,1,58,81.59,4732.22,Yes
CUST00603,Female,1,21,104.33,2190.93,No
CUST00604,Male,1,69,29.75,2052.75,Yes
CUST00605,Male,0,3,75.9,227.70000000000002,Yes
CUST00606,Male,0,37,70.11,2594.07,No
CUST00607,Female,0,49,90.62,4440.38,Yes
CUST00608,Female,0,19,73.43,1395.17,Yes
CUST00609,Female,0,12,74.07,888.8399999999999,Yes
CUST00610,Male,1,61,62.96,3840.56,Yes
CUST00611,Female,0,41,50.88,2086.08,Yes
CUST00612,Female,0,33,68.23,2251.59,No
CUST00613,Female,0,50,31.85,1592.5,No
CUST00614,Female,0,68,116.15,7898.200000000001,No
CUST00615,Male,0,71,91.44,6492.24,No
CUST00616,Male,0,33,115.25,3803.25,No
CUST00617,Female,1,24,42.67,1024.08,No
CUST00618,Male,0,61,107.93,6583.7300000000005,No
CUST00619,Male,0,61,100.88,6153.679999999999,No
CUST00620,Female,1,28,87.72,2456.16,No
CUST00621,Female,1,58,82.5,4785.0,No
CUST00622,Male,1,43,51.65,2220.95,No
CUST00623,Female,1,41,101.64,4167.24,Yes
CUST00624,Male,0,39,70.15,2735.8500000000004,Yes
CUST00625,Female,0,49,27.09,1327.41,No
CUST00626,Male,0,17,51.29,871.93,No
CUST00627,Female,0,70,113.53,7947.1,No
CUST00628,Male,0,70,105.07,7354.9,No
CUST00629,Male,0,65,118.19,7682.349999999999,No
CUST00630,Male,0,5,82.8,414.0,No
CUST00631,Female,0,2,44.75,89.5,Yes
CUST00632,Male,0,22,36.28,798.1600000000001,Yes
CUST00633,Male,0,57,38.69,2205.33,No
CUST00634,Female,0,66,21.98,1450.68,No
CUST00635,Female,0,16,59.07,945.12,No
CUST00636,Male,1,51,39.14,1996.14,No
CUST00637,Male,0,39,61.17,2385.63,Yes
CUST00638,Female,0,40,113.5,4540.0,No
CUST00639,Female,0,38,63.05,2395.9,No
CUST00640,Female,1,60,107.8,6468.0,No
CUST00641,Female,0,59,80.55,4752.45,No
CUST00642,Female,0,10,44.71,447.1,Yes
CUST00643,Male,0,64,55.59,3557.76,Yes
CUST00644,Female,0,63,28.39,1788.57,No
CUST00645,Male,1,49,53.35,2614.15,No
CUST00646,Male,0,64,87.75,5616.0,No
CUST00647,Male,0,32,27.21,870.72,Yes
CUST00648,Female,1,7,40.54,283.78,No
CUST00649,Male,1,21,58.14,1220.94,Yes
CUST00650,Male,0,20,118.2,2364.0,Yes
CUST00651,Female,1,26,98.49,2560.74,No
CUST00652,Male,0,68,93.35,6347.799999999999,No
CUST00653,Male,0,15,31.62,474.3,Yes
CUST00654,Female,0,14,98.1,1373.3999999999999,Yes
CUST00655,Male,0,27,98.53,2660.31,No
CUST00656,Male,0,40,80.11,3204.4,Yes
CUST00657,Male,1,58,119.04,6904.320000000001,No
CUST00658,Female,1,28,52.53,1470.8400000000001,No
CUST00659,Female,0,26,114.13,2967.38,Yes
CUST00660,Female,1,63,111.47,7022.61,Yes
CUST00661,Male,0,66,21.15,1395.8999999999999,No
CUST00662,Male,0,25,65.01,1625.2500000000002,No
CUST00663,Female,0,3,117.71,353.13,No
CUST00664,Male,0,44,30.31,1333.6399999999999,No
CUST00665,Male,1,42,74.78,3140.76,No
CUST00666,Female,1,6,117.9,707.4000000000001,No
CUST00667,Female,0,39,75.55,2946.45,No
CUST00668,Male,0,52,38.98,2026.9599999999998,No
CUST00669,Male,0,23,78.22,1799.06,No
CUST00670,Male,0,50,40.44,2022.0,No
CUST00671,Female,1,43,71.97,3094.71,No
CUST00672,Female,0,19,27.4,520.6,No
CUST00673,Female,0,69,80.55,5557.95,Yes
CUST00674,Female,0,51,71.68,3655.6800000000003,No
CUST00675,Male,0,11,94.02,1034.22,No
CUST00676,Female,0,12,83.07,996.8399999999999,Yes
CUST00677,Female,0,8,74.96,599.68,Yes
CUST00678,Female,0,24,88.98,2135.52,No
CUST00679,Female,0,41,34.39,1409.99,No
CUST00680,Female,1,36,79.54,2863.44,Yes
CUST00681,Male,0,55,37.21,2046.55,No
CUST00682,Male,0,9,112.55,1012.9499999999999,No
CUST00683,Female,1,47,26.83,1261.01,Yes
CUST00684,Male,0,15,63.04,945.6,No
CUST00685,Female,1,48,89.58,4299.84,No
CUST00686,Female,0,42,65.8,2763.6,No
CUST00687,Male,0,60,29.21,1752.6000000000001,No
CUST00688,Male,0,70,75.34,5273.8,No
CUST00689,Female,0,12,84.16,1009.92,Yes
CUST00690,Female,0,2,90.38,180.76,No
CUST00691,Female,0,7,57.33,401.31,Yes
CUST00692,Male,0,3,76.37,229.11,No
CUST00693,Female,0,3,65.07,195.20999999999998,Yes
CUST00694,Female,0,27,87.21,2354.6699999999996,Yes
CUST00695,Female,1,40,78.36,3134.4,No
CUST00696,Male,1,33,72.58,2395.14,No
CUST00697,Female,1,1,44.95,44.95,No
CUST00698,Female,0,8,20.2,161.6,Yes
CUST00699,Male,0,32,37.41,1197.12,Yes
CUST00700,Female,0,48,31.71,1522.08,No
CUST00701,Female,0,4,64.91,259.64,Yes
CUST00702,Male,0,70,81.23,5686.1,Yes
CUST00703,Female,0,19,41.31,784.8900000000001,No
CUST00704,Male,0,32,113.91,3645.12,No
CUST00705,Male,0,9,20.67,186.03000000000003,No
CUST00706,Female,0,12,97.23,1166.76,No
CUST00707,Female,0,11,82.52,907.7199999999999,No
CUST00708,Female,0,46,57.36,2638.56,Yes
CUST00709,Female,1,16,25.05,400.8,No
CUST00710,Male,0,1,82.75,82.75,Yes
CUST00711,Female,0,63,58.56,3689.28,Yes
CUST00712,Male,0,21,113.63,2386.23,No
CUST00713,Female,0,30,74.2,2226.0,Yes
CUST00714,Female,0,13,113.97,1481.61,No
CUST00715,Female,0,34,42.05,1429.6999999999998,Yes
CUST00716,Male,0,4,92.57,370.28,No
CUST00717,Female,0,28,81.72,2288.16,No
CUST00718,Female,0,59,93.94,5542.46,Yes
CUST00719,Female,0,27,41.47,1119.69,Yes
CUST00720,Female,1,69,86.5,5968.5,No
CUST00721,Male,0,25,69.8,1745.0,No
CUST00722,Female,0,3,94.28,282.84000000000003,No
CUST00723,Male,1,68,52.7,3583.6000000000004,No
CUST00724,Male,0,25,109.01,2725.25,No
CUST00725,Male,0,20,28.43,568.6,No
CUST00726,Male,0,34,100.72,3424.48,No
CUST00727,Male,0,26,106.13,2759.38,No
CUST00728,Male,1,5,101.73,508.65000000000003,No
CUST00729,Female,0,61,71.27,4347.469999999999,No
CUST00730,Male,1,9,63.84,574.5600000000001,No
CUST00731,Male,0,50,119.63,5981.5,No
CUST00732,Male,0,6,42.92,257.52,No
CUST00733,Female,0,60,74.69,4481.4,Yes
CUST00734,Female,0,44,87.07,3831.08,Yes
CUST00735,Male,0,11,90.09,990.99,No
CUST00736,Female,1,66,40.4,2666.4,No
CUST00737,Male,0,47,85.4,4013.8,No
CUST00738,Male,1,3,101.84,305.52,Yes
CUST00739,Female,0,30,25.0,750.0,No
CUST00740,Male,1,21,111.15,2334.15,No
CUST00741,Female,0,28,22.95,642.6,Yes
CUST00742,Female,0,62,55.6,3447.2000000000003,No
CUST00743,Male,1,33,21.58,712.14,No
CUST00744,Male,0,35,27.71,969.85,No
CUST00745,Female,0,52,111.12,5778.24,No
CUST00746,Male,0,34,55.49,1886.66,No
CUST00747,Male,0,41,62.48,2561.68,No
CUST00748,Male,1,51,41.53,2118.03,No
CUST00749,Female,0,47,79.71,3746.37,No
CUST00750,Female,0,58,79.48,4609.84,No
CUST00751,Male,0,57,57.22,3261.54,No
CUST00752,Female,0,23,53.3,1225.8999999999999,Yes
CUST00753,Female,0,48,108.5,5208.0,No
CUST00754,Female,0,22,58.33,1283.26,Yes
CUST00755,Female,0,17,69.35,1178.9499999999998,No
CUST00756,Female,0,69,48.33,3334.77,No
CUST00757,Male,0,11,98.68,1085.48,Yes
CUST00758,Male,0,15,59.74,896.1,No
CUST00759,Male,0,35,71.36,2497.6,Yes
CUST00760,Female,0,33,45.34,1496.22,No
CUST00761,Female,0,16,118.77,1900.32,No
CUST00762,Male,0,34,49.15,1671.1,No
CUST00763,Female,0,66,97.07,6406.62,Yes
CUST00764,Male,0,40,62.75,2510.0,Yes
CUST00765,Male,0,28,40.62,1137.36,No
CUST00766,Male,0,47,99.97,4698.59,No
CUST00767,Female,0,39,53.36,2081.04,No
CUST00768,Female,0,70,106.52,7456.4,No
CUST00769,Male,0,20,111.53,2230.6,No
CUST00770,Male,0,1,105.98,105.98,No
CUST00771,Male,1,63,23.5,1480.5,No
CUST00772,Male,0,67,98.74,6615.58,No
CUST00773,Female,0,4,61.13,244.52,No
CUST00774,Female,0,58,107.37,6227.46,No
CUST00775,Male,0,25,83.8,2095.0,Yes
CUST00776,Male,0,47,103.36,4857.92,No
CUST00777,Female,1,38,69.94,2657.72,No
CUST00778,Female,0,15,73.5,1102.5,Yes
CUST00779,Male,0,63,34.44,2169.72,Yes
CUST00780,Male,0,21,98.4,2066.4,No
CUST00781,Male,0,57,61.94,3530.58,No
CUST00782,Female,0,53,70.01,3710.53,No
CUST00783,Female,0,46,98.51,4531.46,No
CUST00784,Female,0,14,79.88,1118.32,No
CUST00785,Male,0,17,40.11,681.87,No
CUST00786,Male,0,39,79.02,3081.7799999999997,No
CUST00787,Female,0,9,60.76,546.84,No
CUST00788,Female,0,6,66.95,401.70000000000005,No
CUST00789,Male,0,23,22.83,525.0899999999999,Yes
CUST00790,Female,0,59,41.0,2419.0,No
CUST00791,Female,0,46,48.1,2212.6,No
CUST00792,Male,0,38,91.3,3469.4,Yes
CUST00793,Female,0,14,21.15,296.09999999999997,Yes
CUST00794,Male,1,62,60.88,3774.56,No
CUST00795,Male,0,35,112.4,3934.0,No
CUST00796,Male,0,19,31.19,592.61,No
CUST00797,Male,0,30,71.64,2149.2,Yes
CUST00798,Male,0,25,98.65,2466.25,Yes
CUST00799,Male,0,40,114.25,4570.0,No
CUST00800,Male,0,14,94.68,1325.52,No
CUST00801,Female,1,26,92.06,2393.56,No
CUST00802,Male,0,22,102.65,2258.3,No
CUST00803,Male,0,48,64.62,3101.76,No
CUST00804,Female,0,51,100.58,5129.58,No
CUST00805,Female,1,3,20.8,62.400000000000006,No
CUST00806,Female,0,42,112.46,4723.32,No
CUST00807,Male,1,19,64.33,1222.27,No
CUST00808,Female,0,28,75.34,2109.52,No
CUST00809,Male,1,45,45.49,2047.0500000000002,No
CUST00810,Male,0,71,94.25,6691.75,No
CUST00811,Male,1,63,27.66,1742.58,Yes
CUST00812,Male,0,19,107.26,2037.94,No
CUST00813,Female,1,47,102.81,4832.07,Yes
CUST00814,Female,0,14,41.61,582.54,No
CUST00815,Male,0,38,100.93,3835.34,No
CUST00816,Male,0,53,98.64,5227.92,No
CUST00817,Male,0,61,83.22,5076.42,Yes
CUST00818,Female,0,36,57.35,2064.6,No
CUST00819,Male,0,40,47.15,1886.0,No
CUST00820,Male,0,30,43.18,1295.4,No
CUST00821,Female,0,9,51.86,466.74,No
CUST00822,Female,1,64,110.36,7063.04,No
CUST00823,Male,0,33,27.76,916.08,No
CUST00824,Female,1,52,102.89,5350.28,Yes
CUST00825,Female,0,14,54.89,768.46,Yes
CUST00826,Male,0,53,72.16,3824.48,No
CUST00827,Female,0,59,99.45,5867.55,No
CUST00828,Male,0,41,108.44,4446.04,No
CUST00829,Female,0,68,54.48,3704.64,No
CUST00830,Male,0,68,66.18,4500.240000000001,No
CUST00831,Male,0,8,61.45,491.6,No
CUST00832,Male,0,2,21.33,42.66,No
CUST00833,Female,1,41,49.59,2033.19,No
CUST00834,Male,1,55,65.92,3625.6,No
CUST00835,Female,0,16,61.11,977.76,No
CUST00836,Male,0,62,92.19,5715.78,Yes
CUST00837,Male,0,48,58.48,2807.04,Yes
CUST00838,Female,0,30,68.94,2068.2,No
CUST00839,Male,0,12,62.96,755.52,No
CUST00840,Male,0,35,94.06,3292.1,No
CUST00841,Female,0,11,106.3,1169.3,No
CUST00842,Male,1,64,73.19,4684.16,No
CUST00843,Male,0,50,98.94,4947.0,No
CUST00844,Male,0,21,49.68,1043.28,No
CUST00845,Male,0,69,74.14,5115.66,Yes
CUST00846,Female,0,48,54.52,2616.96,No
CUST00847,Female,0,20,61.42,1228.4,No
CUST00848,Male,1,67,93.24,6247.08,Yes
CUST00849,Female,0,44,108.17,4759.4800000000005,No
CUST00850,Male,1,33,32.15,1060.95,Yes
CUST00851,Female,0,61,83.46,5091.0599999999995,No
CUST00852,Male,0,9,78.21,703.89,No
CUST00853,Male,0,68,31.84,2165.12,No
CUST00854,Male,0,35,41.19,1441.6499999999999,No
CUST00855,Male,1,65,51.1,3321.5,No
CUST00856,Male,1,8,36.69,293.52,No
CUST00857,Male,0,45,44.37,1996.6499999999999,No
CUST00858,Female,0,47,46.76,2197.72,No
CUST00859,Male,0,40,53.57,2142.8,No
CUST00860,Female,1,54,94.94,5126.76,No
CUST00861,Male,0,46,77.19,3550.74,No
CUST00862,Female,0,47,118.62,5575.14,No
CUST00863,Female,0,15,61.47,922.05,No
CUST00864,Female,0,19,95.39,1812.41,No
CUST00865,Male,0,26,107.15,2785.9,No
CUST00866,Male,0,52,87.9,4570.8,No
CUST00867,Female,1,22,61.19,1346.1799999999998,No
CUST00868,Male,0,21,95.36,2002.56,No
CUST00869,Female,0,51,40.37,2058.87,No
CUST00870,Male,1,38,52.76,2004.8799999999999,No
CUST00871,Female,0,20,74.67,1493.4,No
CUST00872,Female,1,29,77.54,2248.6600000000003,No
CUST00873,Male,0,51,22.21,1132.71,No
CUST00874,Female,0,4,114.51,458.04,No
CUST00875,Male,1,55,89.66,4931.3,No
CUST00876,Female,0,71,69.57,4939.469999999999,Yes
CUST00877,Female,0,28,113.31,3172.6800000000003,Yes
CUST00878,Male,0,4,63.91,255.64,Yes
CUST00879,Male,0,22,118.04,2596.88,No
CUST00880,Male,0,45,71.23,3205.3500000000004,Yes
CUST00881,Female,0,67,31.43,2105.81,Yes
CUST00882,Male,1,66,96.48,6367.68,No
CUST00883,Female,0,34,87.89,2988.26,No
CUST00884,Female,0,55,97.3,5351.5,No
CUST00885,Male,0,1,115.14,115.14,No
CUST00886,Male,0,38,97.65,3710.7000000000003,Yes
CUST00887,Female,0,6,81.13,486.78,No
CUST00888,Female,1,25,105.73,2643.25,No
CUST00889,Male,0,17,87.32,1484.4399999999998,No
CUST00890,Male,0,61,60.81,3709.4100000000003,No
CUST00891,Male,0,12,108.56,1302.72,No
CUST00892,Male,0,6,42.19,253.14,No
CUST00893,Male,0,27,91.46,2469.4199999999996,No
CUST00894,Female,0,8,108.16,865.28,Yes
CUST00895,Female,1,65,93.13,6053.45,Yes
CUST00896,Female,0,57,89.73,5114.610000000001,Yes
CUST00897,Female,0,40,95.26,3810.4,Yes
CUST00898,Male,0,14,66.51,931.1400000000001,No
CUST00899,Male,0,35,107.42,3759.7000000000003,Yes
CUST00900,Male,0,48,40.34,1936.3200000000002,No
CUST00901,Female,0,56,32.74,1833.44,No
CUST00902,Female,0,49,48.55,2378.95,Yes
CUST00903,Male,0,13,73.16,951.0799999999999,No
CUST00904,Male,0,61,71.06,4334.66,Yes
CUST00905,Female,0,49,102.06,5000.9400000000005,No
CUST00906,Female,1,46,60.46,2781.16,No
CUST00907,Male,1,62,68.43,4242.660000000001,Yes
CUST00908,Male,0,8,21.34,170.72,Yes
CUST00909,Female,1,43,60.97,2621.71,No
CUST00910,Male,0,20,84.78,1695.6,Yes
CUST00911,Male,0,39,21.55,840.45,Yes
CUST00912,Male,0,49,48.09,2356.4100000000003,Yes
CUST00913,Female,0,64,40.8,2611.2,No
CUST00914,Female,0,62,24.2,1500.3999999999999,No
CUST00915,Female,1,54,67.93,3668.2200000000003,No
CUST00916,Female,0,9,38.17,343.53000000000003,No
CUST00917,Female,0,37,94.31,3489.4700000000003,Yes
CUST00918,Female,0,49,104.79,5134.71,Yes
CUST00919,Female,1,41,74.56,3056.96,No
CUST00920,Male,0,17,118.17,2008.89,No
CUST00921,Male,0,21,65.05,1366.05,No
CUST00922,Male,0,51,71.34,3638.34,No
CUST00923,Male,0,59,118.92,7016.28,No
CUST00924,Male,1,39,43.15,1682.85,No
CUST00925,Male,1,55,114.25,6283.75,No
CUST00926,Male,0,41,24.28,995.48,No
CUST00927,Female,1,39,64.64,2520.96,No
CUST00928,Female,0,13,27.0,351.0,Yes
CUST00929,Male,1,64,92.92,5946.88,No
CUST00930,Male,0,11,80.84,889.24,No
CUST00931,Female,0,19,90.66,1722.54,No
CUST00932,Male,0,11,57.45,631.95,No
CUST00933,Male,0,46,56.95,2619.7000000000003,No
CUST00934,Female,0,45,24.53,1103.8500000000001,Yes
CUST00935,Male,0,1,54.99,54.99,No
CUST00936,Female,0,40,112.93,4517.200000000001,No
CUST00937,Male,0,19,57.92,1100.48,No
CUST00938,Female,0,61,103.14,6291.54,No
CUST00939,Female,0,12,104.23,1250.76,No
CUST00940,Female,1,61,57.32,3496.52,No
CUST00941,Male,0,33,83.2,2745.6,No
CUST00942,Female,0,45,29.54,1329.3,No
CUST00943,Male,0,69,30.37,2095.53,No
CUST00944,Male,1,8,24.87,198.96,No
CUST00945,Male,0,25,78.1,1952.4999999999998,Yes
CUST00946,Male,0,46,62.61,2880.06,No
CUST00947,Female,1,30,74.8,2244.0,Yes
CUST00948,Female,1,47,72.11,3389.17,No
CUST00949,Male,0,49,55.02,2695.98,No
CUST00950,Male,0,47,87.75,4124.25,No
CUST00951,Female,0,18,95.85,1725.3,No
CUST00952,Male,1,66,21.46,1416.3600000000001,Yes
CUST00953,Female,0,68,40.72,2768.96,Yes
CUST00954,Male,0,33,91.32,3013.56,No
CUST00955,Male,1,36,58.66,2111.7599999999998,No
CUST00956,Female,0,19,86.25,1638.75,No
CUST00957,Male,0,28,54.7,1531.6000000000001,Yes
CUST00958,Female,0,40,59.08,2363.2,Yes
CUST00959,Male,0,15,35.87,538.05,Yes
CUST00960,Male,0,41,45.82,1878.6200000000001,Yes
CUST00961,Male,0,39,80.54,3141.0600000000004,No
CUST00962,Female,0,2,63.32,126.64,No
CUST00963,Male,0,63,97.43,6138.09,No
CUST00964,Male,1,29,105.26,3052.54,No
CUST00965,Male,0,66,74.16,4894.5599999999995,Yes
CUST00966,Male,1,51,95.83,4887.33,No
CUST00967,Female,0,10,50.69,506.9,Yes
CUST00968,Female,1,14,61.5,861.0,Yes
CUST00969,Male,0,51,91.28,4655.28,No
CUST00970,Female,0,39,58.62,2286.18,Yes
CUST00971,Male,0,28,78.85,2207.7999999999997,Yes
CUST00972,Male,1,3,38.54,115.62,No
CUST00973,Male,0,70,79.98,5598.6,No
CUST00974,Female,0,27,106.15,2866.05,No
CUST00975,Female,0,2,106.86,213.72,Yes
CUST00976,Female,1,38,92.43,3512.34,Yes
CUST00977,Female,0,3,94.58,283.74,No
CUST00978,Female,0,16,75.79,1212.64,Yes
CUST00979,Female,0,40,78.47,3138.8,No
CUST00980,Female,1,2,33.37,66.74,Yes
CUST00981,Female,0,41,64.39,2639.9900000000002,No
CUST00982,Female,0,12,65.08,780.96,Yes
CUST00983,Male,0,35,115.85,4054.75,No
CUST00984,Female,0,65,63.11,4102.15,No
CUST00985,Female,0,55,74.93,4121.150000000001,No
CUST00986,Female,0,45,73.33,3299.85,No
CUST00987,Female,0,62,83.68,5188.160000000001,No
CUST00988,Female,0,49,94.82,4646.179999999999,No
CUST00989,Female,0,25,42.5,1062.5,No
CUST00990,Female,0,23,72.87,1676.0100000000002,No
CUST00991,Female,0,24,102.59,2462.16,Yes
CUST00992,Female,0,38,66.31,2519.78,Yes
CUST00993,Female,0,28,47.85,1339.8,No
CUST00994,Female,0,21,85.47,1794.87,Yes
CUST00995,Male,0,54,102.38,5528.5199999999995,No
CUST00996,Male,0,18,26.31,473.58,No
CUST00997,Female,0,36,97.68,3516.4800000000005,No
CUST00998,Female,0,45,102.16,4597.2,No
CUST00999,Male,1,53,66.15,3505.9500000000003,No
